{
    "accuracy": 0.8602760674473822,
    "macro_precision": 0.3644968849691506,
    "macro_recall": 0.2955991249375667,
    "macro_f1": 0.2628319049279836,
    "weighted_precision": 0.8674803603500528,
    "weighted_recall": 0.8602760674473822,
    "weighted_f1": 0.8508979411644229,
    "per_class": {
        "N": {
            "precision": 0.9078657032838662,
            "recall": 0.9484925190977715,
            "f1": 0.9277345477053675,
            "support": 44246
        },
        "S": {
            "precision": 0.0,
            "recall": 0.0,
            "f1": 0.0,
            "support": 1837
        },
        "V": {
            "precision": 0.9138533178114087,
            "recall": 0.24378881987577639,
            "f1": 0.3848982593772984,
            "support": 3220
        },
        "F": {
            "precision": 0.0,
            "recall": 0.0,
            "f1": 0.0,
            "support": 388
        },
        "Q": {
            "precision": 0.0007654037504783774,
            "recall": 0.2857142857142857,
            "f1": 0.0015267175572519084,
            "support": 7
        }
    }
}