{
    "accuracy": 0.6806108897742363,
    "macro_precision": 0.24513551332402087,
    "macro_recall": 0.3310333824695226,
    "macro_f1": 0.24693662794669105,
    "weighted_precision": 0.8576516555123355,
    "weighted_recall": 0.6806108897742363,
    "weighted_f1": 0.7408831180201586,
    "per_class": {
        "N": {
            "precision": 0.9436727450740423,
            "recall": 0.6970799620304661,
            "f1": 0.8018458338749512,
            "support": 44246
        },
        "S": {
            "precision": 0.022115384615384617,
            "recall": 0.03756124115405553,
            "f1": 0.027839419003429493,
            "support": 1837
        },
        "V": {
            "precision": 0.2571909018497212,
            "recall": 0.9024844720496894,
            "f1": 0.4003030511743233,
            "support": 3220
        },
        "F": {
            "precision": 0.0026985350809560524,
            "recall": 0.01804123711340206,
            "f1": 0.004694835680751174,
            "support": 388
        },
        "Q": {
            "precision": 0.0,
            "recall": 0.0,
            "f1": 0.0,
            "support": 7
        }
    }
}