{
    "train_loss": [
        0.0031439402364297547,
        0.0026889222149466033,
        0.002545018717049786,
        0.002190161419773026,
        0.0018349187358362082,
        0.0022050603114207026,
        0.00221778595373565,
        0.00198254468290819,
        0.0016105786270588706,
        0.002166792852221988,
        0.0018333289726221746,
        0.0018001007727756978,
        0.0016588089572077123,
        0.0013769778030293793,
        0.0011227799740124824,
        0.00119690229114929,
        0.0011736776945372761,
        0.0008665250521816337,
        0.0007948863384154731,
        0.0012443533162269564
    ],
    "valid_loss": [
        0.021865863984289934,
        0.02673217246358815,
        0.020481351606663555,
        0.02656720813961112,
        0.0187288603663633,
        0.03236428042042202,
        0.027983409623543377,
        0.0578890486708371,
        0.05749835278783437,
        0.050460766001508874,
        0.052962046867746505,
        0.04715902239539511,
        0.03938170675281158,
        0.06483657610858375,
        0.08060518273002042,
        0.05229138619775074,
        0.08009260026777892,
        0.1093642684465435,
        0.12212218284271546,
        0.10689935133996187
    ],
    "train_accuracy": [
        91.20805535576994,
        92.31169861858585,
        90.26561841224176,
        90.70955581458793,
        90.97740631432752,
        90.70955581458793,
        88.86188338582872,
        88.19225713647975,
        90.66491406463133,
        88.60147317774857,
        91.21549564742938,
        89.08757223283153,
        90.87820242553508,
        90.29537957887949,
        90.61779221745492,
        91.15349321693411,
        90.34746162049552,
        90.90796359217282,
        91.21549564742938,
        89.6679149822673
    ],
    "valid_accuracy": [
        83.88998035363458,
        83.59996257835158,
        83.9554682383759,
        84.60099167368323,
        83.83384788099916,
        83.41285433623351,
        83.59060716624568,
        92.2724296005239,
        89.9897090466835,
        53.643933015249324,
        73.48676209187015,
        92.22565253999439,
        81.99083169613621,
        66.89119655720835,
        92.79633267845449,
        84.30161848629432,
        92.74020020581906,
        86.96791093647676,
        70.43689774534569,
        88.58639723079801
    ]
}