{
    "train_loss": [
        0.2176480514433565,
        0.06988492256761351,
        0.04207172058522701,
        0.03173067625847798,
        0.024995831186187607,
        0.02213915621366682,
        0.016229121500767673,
        0.014189931938330395,
        0.012822010738574722,
        0.009925941429012514,
        0.010274422058800258,
        0.010946856869113501,
        0.008276705915635877,
        0.00954434569465303,
        0.00734067335393268,
        0.009961671324865303,
        0.010306447992673074
    ],
    "valid_loss": [
        0.7363763986421483,
        0.6202557377206782,
        0.6225829998119956,
        0.6218472472613766,
        0.5243257751821407,
        0.515297100879252,
        0.46234628101367325,
        0.5542156043506804,
        0.5772183784948928,
        0.5156352439274391,
        0.656271452616368,
        0.5133128104775789,
        0.5637327951290423,
        0.5251516116106705,
        0.5588990203978028,
        0.6879322979643586,
        0.5644906448821226
    ],
    "train_accuracy": [
        85.16653852831031,
        94.15193075568563,
        96.35673718409761,
        97.28181344708713,
        97.6811090994767,
        97.82495473822574,
        98.32593437662756,
        98.6061853624662,
        98.64090672354357,
        98.91619751494258,
        98.8740358622058,
        98.82443391780957,
        99.03772227871333,
        98.92363780660202,
        99.09724461198878,
        98.91619751494258,
        98.96083926489918
    ],
    "valid_accuracy": [
        66.34858265506595,
        68.00449059781083,
        63.991018804378335,
        67.0408831509028,
        67.9109364767518,
        68.25708672467022,
        69.14585087473104,
        67.28412386565628,
        64.11263916175507,
        78.37028721115165,
        68.15417719150528,
        67.20928056880905,
        67.52736458040977,
        69.22069417157826,
        68.69679109364768,
        66.98475067826737,
        66.21760688558331
    ]
}